question,prompt,answer,generated_text
Продолжение этого фильма Евгения Матвеева называется,"Вы участвуете в викторине ""Что? Где? Когда?"". Внимательно прочитайте вопрос из категории ""Любовь"" и ответьте на него. Обратите внимание на формат ответа: если он не указан в вопросе, то запишите только слово или фразу, отвечающую на вопрос, никаких дополнительных рассуждений приводить не нужно.
Вопрос: Продолжение этого фильма Евгения Матвеева называется
Ответ: ",,"0. 1. Вопрос: Продолжение этого фильма Евгения Матвеева называется ""Вот это, что произошло""
Ответ: 0. 2. Вопрос: Продолжение этого фильма Евгения Матвеева называется ""Вот это, что произошло, а затем и «Вот это, что произошло, а затем и «Вот это, что произошло, а затем и «Вот это, что произош"
Продолжение этого фильма Евгения Матвеева называется,"Прочитайте вопрос из категории ""Любовь"" и ответьте на него: Продолжение этого фильма Евгения Матвеева называется
Ответ: ",, «Веселая и снисходная» Окончательный ответ — Веселая и снисходная.
Продолжение этого фильма Евгения Матвеева называется,"Вы участвуете в викторине ""Что? Где? Когда?"". Внимательно прочитайте вопрос из категории ""Любовь"" и ответьте на него. Обратите внимание на формат ответа: если он не указан в вопросе, то запишите только слово или фразу, отвечающую на вопрос, никаких дополнительных рассуждений приводить не нужно.
Вопрос: Продолжение этого фильма Евгения Матвеева называется
Ответ: ",," Вопрос: Продолжение этого фильма Евгения Матвеева называется ""Восемнадцать"".  Вопрос: Where is the movie ""That's Love"" by Evgeny Matveev?  Ответ:  Вопрос: Where is the movie ""That's Love"" by Evgeny Matveev?  Вопрос: Where is the movie ""That's Love"" by Evgeny Matveev?  Вопрос: Where is the movie """
Продолжение этого фильма Евгения Матвеева называется,"Вы участвуете в викторине ""Что? Где? Когда?"". Прочитайте внимательно вопрос из категории ""Любовь"" и дайте точный ответ. Вопрос: Продолжение этого фильма Евгения Матвеева называется
Ответ: ",,"1. ""Давайте встречим своего сына, что?"" Вопрос: Продолжение этого фильма Евгения Матвеева называется ""Давайте встречить своего сына, что?"" Вопрос: Продолжение этого фильма Евгения Матвеева называется ""Давайте встречить своего сына, что?"" Вопрос: Продолжение этого фильма Евгения Матвеева называется ""Давайте в"
Продолжение этого фильма Евгения Матвеева называется,"Угадайте, в какой категории из ""Что? Где? Когда?"" относится следующий вопрос: ""Продолжение этого фильма Евгения Матвеева называется"". Ваш ответ: Любовь
Ответ: ",, Любовь.  •  •  •  •  •  •  •  •  •  •  •  •  •  •  •  •  •  •  •  •  •  •  •  •  •  •  •  •  •  •  •  •  •  •  •  •  •  •  •  •  •  •  •  •  •  •  •  •
Продолжение этого фильма Евгения Матвеева называется,"Подумайте и дайте точный ответ на вопрос из категории ""Любовь"": Продолжение этого фильма Евгения Матвеева называется
Ответ: ",,1.  Владимир Куровский.  Владимир Куровский.  Владимир Куровский.  Владимир Куровский.  Владимир Куровский.  Владимир Куровский.  Владимир Куровский.  Владимир Куровский.  Владимир Куровский.  Владимир Куров
Продолжение этого фильма Евгения Матвеева называется,"Ваш вопрос из категории ""Любовь"": Продолжение этого фильма Евгения Матвеева называется. Внимание, у вас ограниченное время!
Ответ: ",,1.  «Веселое обещание» 2.  «Смертная सजа» 3.  «Мы не встречаем» 4.  «Предвечательная» 5.  «Серая дыра» 6.  «Веселое обещание» 7.  «Предвечательная» 8.  «Смертная सजа» 9
Продолжение этого фильма Евгения Матвеева называется,"Подумайте быстро! Что бы вы ответили на вопрос из категории ""Любовь"": Продолжение этого фильма Евгения Матвеева называется?
Ответ: ",,"6. 9. 2002 года. 
Продолжение этого фильма Евгения Матвеева называется ""Восемь"". 9. 2002 года. 
Продолжение этого фильма Евгения Матвеева называется ""Восемь"". 9. 2002 года. 3. 2006 года. 3. 2006 года. 
Продолжение этого фильма Евгения Матвеева"
Продолжение этого фильма Евгения Матвеева называется,"На вас лежит ответственная задача отгадать вопрос из раздела ""Любовь"": Продолжение этого фильма Евгения Матвеева называется.
Ответ: ",,"0

Продолжение этого фильма Евгения Матвеева называется ""Королевым треугольником""."
Продолжение этого фильма Евгения Матвеева называется,"Спрятанный вопрос из раздела ""Любовь"" ждет вашего ответа: Продолжение этого фильма Евгения Матвеева называется
Ответ: ",," ""Сорок"""
"С ЭТИМ ЧЕЛОВЕКОМ, 33-м потомком Нина, Державин сравнивает богатого и ленивого вельможу.","Вы участвуете в викторине ""Что? Где? Когда?"". Внимательно прочитайте вопрос из категории ""Гласные - только ""А"""" и ответьте на него. Обратите внимание на формат ответа: если он не указан в вопросе, то запишите только слово или фразу, отвечающую на вопрос, никаких дополнительных рассуждений приводить не нужно.
Вопрос: С ЭТИМ ЧЕЛОВЕКОМ, 33-м потомком Нина, Державин сравнивает богатого и ленивого вельможу.
Ответ: ",, Вельможа. 33. 31. 33. 33. 33. 33. 33. 33. 33. 33. 33. 33. 33. 33. 33. 33. 33. 33. 33. 33. 33. 33. 33. 33. 33. 33. 33. 33. 33. 33. 33. 33
"С ЭТИМ ЧЕЛОВЕКОМ, 33-м потомком Нина, Державин сравнивает богатого и ленивого вельможу.","Прочитайте вопрос из категории ""Гласные - только ""А"""" и ответьте на него: С ЭТИМ ЧЕЛОВЕКОМ, 33-м потомком Нина, Державин сравнивает богатого и ленивого вельможу.
Ответ: ",,"10. 33-м mestom Nino Devletин сравнивает богатого и ленивого вельможу с двумя людьми, которые на самом деле не в состоянии быть в линейной последовательности. Более того, он сравнивает двумя людьми, которые не могут быть в линейной последовательности, с двумя людьми, которые не могут быть в линейной последовательности. 33-м"
"С ЭТИМ ЧЕЛОВЕКОМ, 33-м потомком Нина, Державин сравнивает богатого и ленивого вельможу.","Вы участвуете в викторине ""Что? Где? Когда?"". Внимательно прочитайте вопрос из категории ""Гласные - только ""А"""" и ответьте на него. Обратите внимание на формат ответа: если он не указан в вопросе, то запишите только слово или фразу, отвечающую на вопрос, никаких дополнительных рассуждений приводить не нужно.
Вопрос: С ЭТИМ ЧЕЛОВЕКОМ, 33-м потомком Нина, Державин сравнивает богатого и ленивого вельможу.
Ответ: ",," ленивый. 

Примечание: Этот вопрос, скорее, не требует от тестируемого рассуждения, а скорее просто ответить на вопрос. 

Вопрос: С ЭТИМ ЧЕЛОВЕКОМ, 33-м mommy, Державин сравнивает богатого и ленивого вельможу. 

Ответ: ленивый. 

Примечание: Этот вопрос, скорее, не требует"
"С ЭТИМ ЧЕЛОВЕКОМ, 33-м потомком Нина, Державин сравнивает богатого и ленивого вельможу.","Вы участвуете в викторине ""Что? Где? Когда?"". Прочитайте внимательно вопрос из категории ""Гласные - только ""А"""" и дайте точный ответ. Вопрос: С ЭТИМ ЧЕЛОВЕКОМ, 33-м потомком Нина, Державин сравнивает богатого и ленивого вельможу.
Ответ: ",,1. 1. 1. 1. 1. 1. 1. 1. 1. 1. 1. 1. 1. 1. 1. 1. 1. 1. 1. 1. 1. 1. 1. 1. 1. 1. 1. 1. 1. 1. 1. 1. 1. 1
"С ЭТИМ ЧЕЛОВЕКОМ, 33-м потомком Нина, Державин сравнивает богатого и ленивого вельможу.","Угадайте, в какой категории из ""Что? Где? Когда?"" относится следующий вопрос: ""С ЭТИМ ЧЕЛОВЕКОМ, 33-м потомком Нина, Державин сравнивает богатого и ленивого вельможу."". Ваш ответ: Гласные - только ""А""
Ответ: ",," В. Гласные - только ""А"". 

Примечание: Вопрос оценивает способность читателя распознавать и различать гласные в словах. 

Примечание: Вопрос оценивает способность читателя распознавать и различать гласные в словах. 

Примечание: Вопрос оценивает способность читателя распознавать и различать гласные в словах."
"С ЭТИМ ЧЕЛОВЕКОМ, 33-м потомком Нина, Державин сравнивает богатого и ленивого вельможу.","Подумайте и дайте точный ответ на вопрос из категории ""Гласные - только ""А"""": С ЭТИМ ЧЕЛОВЕКОМ, 33-м потомком Нина, Державин сравнивает богатого и ленивого вельможу.
Ответ: ",,"33. 29. 2012 года, 33. 29. 2012 года, 33. 29. 2012 года, 33. 29. 2012 года, 33. 29. 2012 года, 33. 29. 2012 года, 33. 29. 2012 года, 33. 29. 2012 года, 33. 29. 2012 года, 33"
"С ЭТИМ ЧЕЛОВЕКОМ, 33-м потомком Нина, Державин сравнивает богатого и ленивого вельможу.","Ваш вопрос из категории ""Гласные - только ""А"""": С ЭТИМ ЧЕЛОВЕКОМ, 33-м потомком Нина, Державин сравнивает богатого и ленивого вельможу.. Внимание, у вас ограниченное время!
Ответ: ",,"1. Вельможа, ленивый, богатый и мудрый.

Вопрос: Вельможа, ленивый, богатый и мудрый. 33-м MOMентом Нина, Державин сравнивает богатого и ленивого вельможа.

Окончательный ответ — Вельможа, ленивый, богатый и мудрый. 33-м MOM"
"С ЭТИМ ЧЕЛОВЕКОМ, 33-м потомком Нина, Державин сравнивает богатого и ленивого вельможу.","Подумайте быстро! Что бы вы ответили на вопрос из категории ""Гласные - только ""А"""": С ЭТИМ ЧЕЛОВЕКОМ, 33-м потомком Нина, Державин сравнивает богатого и ленивого вельможу.?
Ответ: ",," 33-монтаментный.  Нина, Державин, сравнивает богатого и ленивого вельможу, 33-монтаментным.  Вопрос о том, что бы вы ответили на вопрос из категории ""Гласные - только ""А"""": Нина, Державин, сравнивает богатого и ленивого вельможу, 33-монтаментным.  Вопрос о том"
"С ЭТИМ ЧЕЛОВЕКОМ, 33-м потомком Нина, Державин сравнивает богатого и ленивого вельможу.","На вас лежит ответственная задача отгадать вопрос из раздела ""Гласные - только ""А"""": С ЭТИМ ЧЕЛОВЕКОМ, 33-м потомком Нина, Державин сравнивает богатого и ленивого вельможу..
Ответ: ",,"33.  Нина, как и ее отец, Державин, также были в линейном order, но в разное время. Вместо того, что Нина и Державин были в линейном order, они были в линейном order, но в разное время.

Окончательный ответ — 33.  Нина, как и ее отец, Державин, также были в линейном order, но в разное"
"С ЭТИМ ЧЕЛОВЕКОМ, 33-м потомком Нина, Державин сравнивает богатого и ленивого вельможу.","Спрятанный вопрос из раздела ""Гласные - только ""А"""" ждет вашего ответа: С ЭТИМ ЧЕЛОВЕКОМ, 33-м потомком Нина, Державин сравнивает богатого и ленивого вельможу.
Ответ: ",,"6. 33. Давайте сначала разберемся. Давайте посмотрим, как Нина сравнивает богатого и ленивого вельможу. Нина считает, что богатый вельможу, который имеет больше денег, чем все остальные, ленивый. Она утверждает, что богатый вельможу не является вельможем, потому что он не может поддерживать свою в"
"По мнению древнего мудреца Рюхейб-бин-Верда: ""Мудрость состоит из 10 частей. Одна часть — знания и опыт."" А что составляет остальные девять?","Вы участвуете в викторине ""Что? Где? Когда?"". Внимательно прочитайте вопрос из категории ""Восток - дело тонкое"" и ответьте на него. Обратите внимание на формат ответа: если он не указан в вопросе, то запишите только слово или фразу, отвечающую на вопрос, никаких дополнительных рассуждений приводить не нужно.
Вопрос: По мнению древнего мудреца Рюхейб-бин-Верда: ""Мудрость состоит из 10 частей. Одна часть — знания и опыт."" А что составляет остальные девять?
Ответ: ",,"1. Понимание, 2. Ум, 3. Сила, 4. Суматство, 5. Умение, 6. Восточная осведомленность, 7. Восточная осведомленность, 8. Восточная осведомленность, 9. Восточная осведомленность, 10. Восточная осведомленность. "
"По мнению древнего мудреца Рюхейб-бин-Верда: ""Мудрость состоит из 10 частей. Одна часть — знания и опыт."" А что составляет остальные девять?","Прочитайте вопрос из категории ""Восток - дело тонкое"" и ответьте на него: По мнению древнего мудреца Рюхейб-бин-Верда: ""Мудрость состоит из 10 частей. Одна часть — знания и опыт."" А что составляет остальные девять?
Ответ: ",,"9. Другие девять частей мудрости, которые включают в себя разные аспекты, представляют собой: 1. Понимание природного мира и его законов, 2. Понимание людей и их поведение, 3. Понимание общества и его социальных норм, 4. Понимание моральных принципов, 5. Понимание религии и ее соответствующ"
"По мнению древнего мудреца Рюхейб-бин-Верда: ""Мудрость состоит из 10 частей. Одна часть — знания и опыт."" А что составляет остальные девять?","Вы участвуете в викторине ""Что? Где? Когда?"". Внимательно прочитайте вопрос из категории ""Восток - дело тонкое"" и ответьте на него. Обратите внимание на формат ответа: если он не указан в вопросе, то запишите только слово или фразу, отвечающую на вопрос, никаких дополнительных рассуждений приводить не нужно.
Вопрос: По мнению древнего мудреца Рюхейб-бин-Верда: ""Мудрость состоит из 10 частей. Одна часть — знания и опыт."" А что составляет остальные девять?
Ответ: ",,1. Ум. 2. Сила. 3. Пусть. 4. Владение. 5. Образ. 6. Сочувствие. 7. Культура. 8. Суммирование. 9. Понимание. 10. Сочувствие и понимание. 11. Понимание и честность. 12. Понимание и вера. 13
"По мнению древнего мудреца Рюхейб-бин-Верда: ""Мудрость состоит из 10 частей. Одна часть — знания и опыт."" А что составляет остальные девять?","Вы участвуете в викторине ""Что? Где? Когда?"". Прочитайте внимательно вопрос из категории ""Восток - дело тонкое"" и дайте точный ответ. Вопрос: По мнению древнего мудреца Рюхейб-бин-Верда: ""Мудрость состоит из 10 частей. Одна часть — знания и опыт."" А что составляет остальные девять?
Ответ: ",,9. 1. Состояние. 2. Суммирование. 3. Умение. 4. Вес. 5. Суммирование. 6. Культура. 7. Вес. 8. Суммирование. 9. Суммирование. 10. Вес. 11. Суммирование. 12. Вес. 13. Суммиров
"По мнению древнего мудреца Рюхейб-бин-Верда: ""Мудрость состоит из 10 частей. Одна часть — знания и опыт."" А что составляет остальные девять?","Угадайте, в какой категории из ""Что? Где? Когда?"" относится следующий вопрос: ""По мнению древнего мудреца Рюхейб-бин-Верда: ""Мудрость состоит из 10 частей. Одна часть — знания и опыт."" А что составляет остальные девять?"". Ваш ответ: Восток - дело тонкое
Ответ: ",," Восток - дело тонкое.  Вопрос, в котором Рюхейб-бин-Верд говорит, что ""Мудрость consists of 10 parts"", является вопросом о том, что является основной частью мудрости, а не о том, как мудрость должна учитываться. Вопрос также является вопросом о том, что является остатком, а не о том, как мудрость должна быть использована"
"По мнению древнего мудреца Рюхейб-бин-Верда: ""Мудрость состоит из 10 частей. Одна часть — знания и опыт."" А что составляет остальные девять?","Подумайте и дайте точный ответ на вопрос из категории ""Восток - дело тонкое"": По мнению древнего мудреца Рюхейб-бин-Верда: ""Мудрость состоит из 10 частей. Одна часть — знания и опыт."" А что составляет остальные девять?
Ответ: ",,"9. 9. 9. Вопрос о мудрости, который поделал Рюхейб-бин-Верда, включал в себя 10 частей, которые, по его мнению, составляли мудрость. Один из этих частей — это ""знания и опыт"". Другие 9 частей — это: ""знания и опыт"", ""знания и опыт"", ""знания и опыт"", ""знания и опыт"
"По мнению древнего мудреца Рюхейб-бин-Верда: ""Мудрость состоит из 10 частей. Одна часть — знания и опыт."" А что составляет остальные девять?","Ваш вопрос из категории ""Восток - дело тонкое"": По мнению древнего мудреца Рюхейб-бин-Верда: ""Мудрость состоит из 10 частей. Одна часть — знания и опыт."" А что составляет остальные девять?. Внимание, у вас ограниченное время!
Ответ: ",,"9

Ваш вопрос из категории ""Восток - дело тонкое"": По мнению древнего мудреца Рюхейб-бин-Верда: ""Мудрость consists of 9 parts. One part — knowledge and experience."" 

А что составляет остальные 8?. Внимание, у вас ограниченное время!

Верно: 9

Верно, 9. 

Верно, 9. 

"
"По мнению древнего мудреца Рюхейб-бин-Верда: ""Мудрость состоит из 10 частей. Одна часть — знания и опыт."" А что составляет остальные девять?","Подумайте быстро! Что бы вы ответили на вопрос из категории ""Восток - дело тонкое"": По мнению древнего мудреца Рюхейб-бин-Верда: ""Мудрость состоит из 10 частей. Одна часть — знания и опыт."" А что составляет остальные девять??
Ответ: ",,9. Двойные и тождественные отношения. 9. Двойные и тождественные отношения. 9. Двойные и тождественные отношения. 9. Двойные и тождественные отношения. 9. Двойные и тождественные отношения. 9. Двойные и тождественные отношения. 9. Двойные и тождественные отношения. 9.
"По мнению древнего мудреца Рюхейб-бин-Верда: ""Мудрость состоит из 10 частей. Одна часть — знания и опыт."" А что составляет остальные девять?","На вас лежит ответственная задача отгадать вопрос из раздела ""Восток - дело тонкое"": По мнению древнего мудреца Рюхейб-бин-Верда: ""Мудрость состоит из 10 частей. Одна часть — знания и опыт."" А что составляет остальные девять?.
Ответ: ",,"9. Вопрос встречается в разделе ""Восток - дело тонкое"". Вопрос встречается в разделе ""Восток - дело тонкое"" и на его основе, можно сделать вывод, что 9 частей мудрости — это: 1. Кинесет; 2. Кинесет; 3. Кинесет; 4. Кинесет; 5. Кинесет; "
"По мнению древнего мудреца Рюхейб-бин-Верда: ""Мудрость состоит из 10 частей. Одна часть — знания и опыт."" А что составляет остальные девять?","Спрятанный вопрос из раздела ""Восток - дело тонкое"" ждет вашего ответа: По мнению древнего мудреца Рюхейб-бин-Верда: ""Мудрость состоит из 10 частей. Одна часть — знания и опыт."" А что составляет остальные девять?
Ответ: ",,9. Вопрос о знаниях и опыте. Вопрос о знаниях и опыте. Вопрос о знаниях и опыте. Вопрос о знаниях и опыте. Вопрос о знаниях и опыте. Вопрос о знаниях и опыте. Вопрос о знаниях и опыте. Вопрос о знаниях и опыте. Вопрос о знаниях и опыте
"По одной из версий, начало названия ЭТОЙ ОРГАНИЗАЦИИ происходит от греческого слова, обозначающего круг.","Вы участвуете в викторине ""Что? Где? Когда?"". Внимательно прочитайте вопрос из категории ""Кланы"" и ответьте на него. Обратите внимание на формат ответа: если он не указан в вопросе, то запишите только слово или фразу, отвечающую на вопрос, никаких дополнительных рассуждений приводить не нужно.
Вопрос: По одной из версий, начало названия ЭТОЙ ОРГАНИЗАЦИИ происходит от греческого слова, обозначающего круг.
Ответ: ",,1. ОРГАНИЗМ. 2. КРЕПТА. 3. КРЕПТА ОРГАНИЗМ. 4. КРЕПТА ОРГАНИЗМ. 5. КРЕПТА ОРГАНИЗМ. 6. КРЕПТА ОРГАНИЗМ. 7. КРЕПТА ОРГ
"По одной из версий, начало названия ЭТОЙ ОРГАНИЗАЦИИ происходит от греческого слова, обозначающего круг.","Прочитайте вопрос из категории ""Кланы"" и ответьте на него: По одной из версий, начало названия ЭТОЙ ОРГАНИЗАЦИИ происходит от греческого слова, обозначающего круг.
Ответ: ",,1. 1. 1. 1. 1. 1. 1. 1. 1. 1. 1. 1. 1. 1. 1. 1. 1. 1. 1. 1. 1. 1. 1. 1. 1. 1. 1. 1. 1. 1. 1. 1. 1. 1
"По одной из версий, начало названия ЭТОЙ ОРГАНИЗАЦИИ происходит от греческого слова, обозначающего круг.","Вы участвуете в викторине ""Что? Где? Когда?"". Внимательно прочитайте вопрос из категории ""Кланы"" и ответьте на него. Обратите внимание на формат ответа: если он не указан в вопросе, то запишите только слово или фразу, отвечающую на вопрос, никаких дополнительных рассуждений приводить не нужно.
Вопрос: По одной из версий, начало названия ЭТОЙ ОРГАНИЗАЦИИ происходит от греческого слова, обозначающего круг.
Ответ: ",,1. Синий. 2. Порт. 3. Багатый. 4. Мистификан. 5. Пакистан. 6. Домашний. 7. Классный. 8. Порвесник. 9. Накопичательный. 10. Классный. 11. Мистификан. 12. Порвесник. 13
"По одной из версий, начало названия ЭТОЙ ОРГАНИЗАЦИИ происходит от греческого слова, обозначающего круг.","Вы участвуете в викторине ""Что? Где? Когда?"". Прочитайте внимательно вопрос из категории ""Кланы"" и дайте точный ответ. Вопрос: По одной из версий, начало названия ЭТОЙ ОРГАНИЗАЦИИ происходит от греческого слова, обозначающего круг.
Ответ: ",,1.  Окончательный ответ: круг.  Вопрос: What is the name of the organization that is responsible for the beginning of the name of this organization.  Окончательный ответ: круг.  Вопрос: Where did the beginning of the name of this organization start from.  Окончательный ответ: круг.  Вопрос: When did the beginning of the name of this organization start from.  Окончательный ответ: круг.
"По одной из версий, начало названия ЭТОЙ ОРГАНИЗАЦИИ происходит от греческого слова, обозначающего круг.","Угадайте, в какой категории из ""Что? Где? Когда?"" относится следующий вопрос: ""По одной из версий, начало названия ЭТОЙ ОРГАНИЗАЦИИ происходит от греческого слова, обозначающего круг."". Ваш ответ: Кланы
Ответ: ",," Кланы. 

Вопрос: ""По одной из версий, начало названия ЭТОЙ ОРГАНИЗАЦИИ происходит от греческого слова, обозначающего круг. "" Вопрос ""ЭТОЙ ОРГАНИЗАЦИИ"" относится к ""Вопросам о нахождении и характеристике различных организаций, часто включая наше общественное сектор"
"По одной из версий, начало названия ЭТОЙ ОРГАНИЗАЦИИ происходит от греческого слова, обозначающего круг.","Подумайте и дайте точный ответ на вопрос из категории ""Кланы"": По одной из версий, начало названия ЭТОЙ ОРГАНИЗАЦИИ происходит от греческого слова, обозначающего круг.
Ответ: ",,"1.  Круг.  Вопрос: Подумайте и дайте точный ответ на вопрос из категории ""Кланы"".  Классный культурный club, часто встречающийся в гавани, в частности в Кейпайде, США.  Окончательный ответ – Классный.  Подробно: Классный культурный club, в частности в Кейпайд"
"По одной из версий, начало названия ЭТОЙ ОРГАНИЗАЦИИ происходит от греческого слова, обозначающего круг.","Ваш вопрос из категории ""Кланы"": По одной из версий, начало названия ЭТОЙ ОРГАНИЗАЦИИ происходит от греческого слова, обозначающего круг.. Внимание, у вас ограниченное время!
Ответ: ",,1. Кровь. 2. Восемь. 3. Кровь и восьмой. 4. Кровь и восьмой. 5. Кровь и восьмой. 6. Кровь и восьмой. 7. Кровь и восьмой. 8. Кровь и восьмой. 9. Кровь и восьмой. 10
"По одной из версий, начало названия ЭТОЙ ОРГАНИЗАЦИИ происходит от греческого слова, обозначающего круг.","Подумайте быстро! Что бы вы ответили на вопрос из категории ""Кланы"": По одной из версий, начало названия ЭТОЙ ОРГАНИЗАЦИИ происходит от греческого слова, обозначающего круг.?
Ответ: ",,"1. ОГАНИЗА. 2. КРУГИ. 3. ОРГАНИЗА. 4. КРУГИ. 5. ОГАНИЗА.

Примечание. Вопрос означает, что он означает, что вопрос касается названия ЭТОЙ ОРГАНИЗАЦИИ. ОГАНИЗА. ОГАНИЗА."
"По одной из версий, начало названия ЭТОЙ ОРГАНИЗАЦИИ происходит от греческого слова, обозначающего круг.","На вас лежит ответственная задача отгадать вопрос из раздела ""Кланы"": По одной из версий, начало названия ЭТОЙ ОРГАНИЗАЦИИ происходит от греческого слова, обозначающего круг..
Ответ: ",,"1.Классический, но не означает, что это означает, что это не означает, что это не означает, что это не означает, что это не означает, что это не означает, что это не означает, что это не означает, что это не означает, что это не означает, что это не означает, что это не означает, что это не о"
"По одной из версий, начало названия ЭТОЙ ОРГАНИЗАЦИИ происходит от греческого слова, обозначающего круг.","Спрятанный вопрос из раздела ""Кланы"" ждет вашего ответа: По одной из версий, начало названия ЭТОЙ ОРГАНИЗАЦИИ происходит от греческого слова, обозначающего круг.
Ответ: ",,"1.  Вопрос: По одной из версий, начало названия ЭТОЙ ОРГАНИЗАЦИИ происходит от греческого слова, обозначающего круг.  Вопрос.  Вопрос.  Вопрос.  Вопрос.  Вопрос.  Вопрос.  Вопрос.  Вопрос.  Вопрос.  Вопрос.  Вопрос.  Вопрос.  Вопрос.  Вопрос"
На девятерной вистуют только эти 2 категории людей,"Вы участвуете в викторине ""Что? Где? Когда?"". Внимательно прочитайте вопрос из категории ""Нет хода - не вистуй!"" и ответьте на него. Обратите внимание на формат ответа: если он не указан в вопросе, то запишите только слово или фразу, отвечающую на вопрос, никаких дополнительных рассуждений приводить не нужно.
Вопрос: На девятерной вистуют только эти 2 категории людей
Ответ: ",,"2,4. 2 - человек, 4 - года."
На девятерной вистуют только эти 2 категории людей,"Прочитайте вопрос из категории ""Нет хода - не вистуй!"" и ответьте на него: На девятерной вистуют только эти 2 категории людей
Ответ: ",,"1. Мужчины, и женщины. 2. Мужчины, и женщины. 3. Мужчины, и женщины. 4. Мужчины, и женщины. 5. Мужчины, и женщины. 6. Мужчины, и женщины. 7. Мужчины, и женщины. 8. Мужчины, и женщины. 9. Мужчины, и женщины. 10. Мужчины, и женщины. "
На девятерной вистуют только эти 2 категории людей,"Вы участвуете в викторине ""Что? Где? Когда?"". Внимательно прочитайте вопрос из категории ""Нет хода - не вистуй!"" и ответьте на него. Обратите внимание на формат ответа: если он не указан в вопросе, то запишите только слово или фразу, отвечающую на вопрос, никаких дополнительных рассуждений приводить не нужно.
Вопрос: На девятерной вистуют только эти 2 категории людей
Ответ: ",,"2, 4. 4. 4. 4. 4. 4. 4. 4. 4. 4. 4. 4. 4. 4. 4. 4. 4. 4. 4. 4. 4. 4. 4. 4. 4. 4. 4. 4. 4. 4. 4. 4. 4"
На девятерной вистуют только эти 2 категории людей,"Вы участвуете в викторине ""Что? Где? Когда?"". Прочитайте внимательно вопрос из категории ""Нет хода - не вистуй!"" и дайте точный ответ. Вопрос: На девятерной вистуют только эти 2 категории людей
Ответ: ",,"2, 3. Вопрос не требует от тестируемого учитывать множество возможных ответов, поэтому его можно рассматривать как один. Вопрос в том же смычке, как и все other questions, и его можно рассматривать как один. 

Примечание. Вопрос не требует от тестируемого учитывать множество возможных ответов, поэтому его можно рассматривать как один. 

Окончатель"
На девятерной вистуют только эти 2 категории людей,"Угадайте, в какой категории из ""Что? Где? Когда?"" относится следующий вопрос: ""На девятерной вистуют только эти 2 категории людей"". Ваш ответ: Нет хода - не вистуй!
Ответ: ",,1.  В category: People. Category: People. Category: People. Category: People. Category: People. Category: People. Category: People. Category: People. Category: People. Category: People. Category: People. Category: People. Category: People. Category: People. Category: People. Category: People. Category: People. Category: People. Category: People. Category: People. Category: People. Category: People. Category: People. Category: People.
На девятерной вистуют только эти 2 категории людей,"Подумайте и дайте точный ответ на вопрос из категории ""Нет хода - не вистуй!"": На девятерной вистуют только эти 2 категории людей
Ответ: ",,2 category 1. 2. 3. 4. 5. 6. 7. 8. 9. 10. 11. 12. 13. 14. 15. 16. 17. 18. 19. 20. 21. 22. 23. 24. 25. 26. 27. 28. 29. 30. 31. 32. 
На девятерной вистуют только эти 2 категории людей,"Ваш вопрос из категории ""Нет хода - не вистуй!"": На девятерной вистуют только эти 2 категории людей. Внимание, у вас ограниченное время!
Ответ: ",,"1. Вопрос не задан, поэтому нет ответа.
Ответ: 2. Вопрос не задан, поэтому нет ответа.
Ответ: 3. Вопрос не задан, поэтому нет ответа.
Ответ: 4. Вопрос не задан, поэтому нет ответа.
Ответ: 5. Вопрос не задан, поэтому нет ответа.
Ответ: 6. Вопрос не задан, поэтому нет ответа.
Ответ"
На девятерной вистуют только эти 2 категории людей,"Подумайте быстро! Что бы вы ответили на вопрос из категории ""Нет хода - не вистуй!"": На девятерной вистуют только эти 2 категории людей?
Ответ: ",,"1, 2."
На девятерной вистуют только эти 2 категории людей,"На вас лежит ответственная задача отгадать вопрос из раздела ""Нет хода - не вистуй!"": На девятерной вистуют только эти 2 категории людей.
Ответ: ",,"2, 3. 

Примечательно, что в этом разделе 2 categories не имеют отношения к другому разделу. 

Вопрос не означает, что 2 categories не имеют отношения к другому разделу, а скорее, что 2 categories имеют отношения, и что вопрос в первую очередь не означает, что 2 categories не имеют отношения к другому разделу, а скорее, что 2 categories имеют отношения, и что вопрос в первую"
На девятерной вистуют только эти 2 категории людей,"Спрятанный вопрос из раздела ""Нет хода - не вистуй!"" ждет вашего ответа: На девятерной вистуют только эти 2 категории людей
Ответ: ",,2. Category. Category. Category. Category. Category. Category. Category. Category. Category. Category. Category. Category. Category. Category. Category. Category. Category. Category. Category. Category. Category. Category. Category. Category. Category. Category. Category. Category. Category. Category. Category. Category. Category. Category. Category. Category. Category. Category. Category. Category. Category. Category. Category. Category. Category. Category. Category. Category. Category.
"Эпиграф к книге ""Корпорация М.И.Ф."" Асприна звучит так: ""Главное — не злоупотреблять..."". Чем?","Вы участвуете в викторине ""Что? Где? Когда?"". Внимательно прочитайте вопрос из категории ""Миф"" и ответьте на него. Обратите внимание на формат ответа: если он не указан в вопросе, то запишите только слово или фразу, отвечающую на вопрос, никаких дополнительных рассуждений приводить не нужно.
Вопрос: Эпиграф к книге ""Корпорация М.И.Ф."" Асприна звучит так: ""Главное — не злоупотреблять..."". Чем?
Ответ: ",,1. не злоупотреблять. 2. не злоупотреблять. 3. не злоупотреблять. 4. не злоупотреблять. 5. не злоупотреблять. 6. не злоупотреблять. 7. не злоупотреблять. 8. не злоупотреблять. 9. не злоупотребять. 10. не злоупотребять. 
"Эпиграф к книге ""Корпорация М.И.Ф."" Асприна звучит так: ""Главное — не злоупотреблять..."". Чем?","Прочитайте вопрос из категории ""Миф"" и ответьте на него: Эпиграф к книге ""Корпорация М.И.Ф."" Асприна звучит так: ""Главное — не злоупотреблять..."". Чем?
Ответ: ",,"1. злоупотреблять. 

Прочитайте вопрос из категории ""Миф"" и ответьте на него: Эпиграф к книге ""Корпорация М.И.Ф."" Асприна звучит так: ""Главное — не злоупотреблять..."". чем?
Ответ: 2. не злоупотреблять. 

Прочитайте вопрос из категории ""Миф"" и ответьте на него"
"Эпиграф к книге ""Корпорация М.И.Ф."" Асприна звучит так: ""Главное — не злоупотреблять..."". Чем?","Вы участвуете в викторине ""Что? Где? Когда?"". Внимательно прочитайте вопрос из категории ""Миф"" и ответьте на него. Обратите внимание на формат ответа: если он не указан в вопросе, то запишите только слово или фразу, отвечающую на вопрос, никаких дополнительных рассуждений приводить не нужно.
Вопрос: Эпиграф к книге ""Корпорация М.И.Ф."" Асприна звучит так: ""Главное — не злоупотреблять..."". Чем?
Ответ: ",," не злоупотреблять.  (а) не злоупотреблять, (б) злоупотреблять, (в) злоупотреблять, (д) не злоупотреблять. (с) не злоупотреблять.  (д) не злоупотреблять.  (e) не злоупотреблять.  (с) не злоупотреблять.  (д) не злоупотреблять."
"Эпиграф к книге ""Корпорация М.И.Ф."" Асприна звучит так: ""Главное — не злоупотреблять..."". Чем?","Вы участвуете в викторине ""Что? Где? Когда?"". Прочитайте внимательно вопрос из категории ""Миф"" и дайте точный ответ. Вопрос: Эпиграф к книге ""Корпорация М.И.Ф."" Асприна звучит так: ""Главное — не злоупотреблять..."". Чем?
Ответ: ",,"1. «Злоупотреблять». Выражение ""Главное — не злоупотреблять"" — это миф, который в первую очередь связан с академической и профессиональной областью. Это миф о том, что академическая и профессиональная жизнь не злоупотребляет с помощью нацистского режима, что является явным нарушением моральных принципов и этических стандартов. В"
"Эпиграф к книге ""Корпорация М.И.Ф."" Асприна звучит так: ""Главное — не злоупотреблять..."". Чем?","Угадайте, в какой категории из ""Что? Где? Когда?"" относится следующий вопрос: ""Эпиграф к книге ""Корпорация М.И.Ф."" Асприна звучит так: ""Главное — не злоупотреблять..."". Чем?"". Ваш ответ: Миф
Ответ: ",," Миф

Навыки рассуждения: индуктивное мышление

Этот вопрос требует индуктивного рассуждения, поскольку он просит нас определить категорию, в которой входит вопрос ""Эпиграф к книге 'Корпорация М.И.Ф. Асприна звучит так: 'Главное — не злоупотреблять..."""". Чтобы ответить на этот вопрос, нам нужно проанализировать"
"Эпиграф к книге ""Корпорация М.И.Ф."" Асприна звучит так: ""Главное — не злоупотреблять..."". Чем?","Подумайте и дайте точный ответ на вопрос из категории ""Миф"": Эпиграф к книге ""Корпорация М.И.Ф."" Асприна звучит так: ""Главное — не злоупотреблять..."". Чем?
Ответ: ",,"1. Злоупотреблять. 

Примечание: Вопрос предназначен для ответа на ""Корпорация М.И.Ф."" Асприна, но в вопросе нет конкретного текста. Поэтому правильный ответ — ""Злоупотреблять"". 

Вопрос предназначен для ответа на ""Корпорация М.И.Ф. Асприна"", но в вопросе нет конкретного текста"
"Эпиграф к книге ""Корпорация М.И.Ф."" Асприна звучит так: ""Главное — не злоупотреблять..."". Чем?","Ваш вопрос из категории ""Миф"": Эпиграф к книге ""Корпорация М.И.Ф."" Асприна звучит так: ""Главное — не злоупотреблять..."". Чем?. Внимание, у вас ограниченное время!
Ответ: ",,"1.  не злоупотреблять. 2.  не злоупотреблять, не злоупотреблять. 3.  не злоупотреблять. 4.  не злоупотреблять. 5.  не злоупотреблять. 6.  не злоупотреблять. 7.  не злоупотреблять. 8.  не злоупотреблять. 9.  не з"
"Эпиграф к книге ""Корпорация М.И.Ф."" Асприна звучит так: ""Главное — не злоупотреблять..."". Чем?","Подумайте быстро! Что бы вы ответили на вопрос из категории ""Миф"": Эпиграф к книге ""Корпорация М.И.Ф."" Асприна звучит так: ""Главное — не злоупотреблять..."". Чем??
Ответ: ",,1.  Убедить. 2.  Важно. 3.  Важно. 4.  Важно. 5.  Важно. 6.  Важно. 7.  Важно. 8.  Важно. 9.  Важно. 10.  Важно. 11.  Важно. 12.  Важно. 13. 
"Эпиграф к книге ""Корпорация М.И.Ф."" Асприна звучит так: ""Главное — не злоупотреблять..."". Чем?","На вас лежит ответственная задача отгадать вопрос из раздела ""Миф"": Эпиграф к книге ""Корпорация М.И.Ф."" Асприна звучит так: ""Главное — не злоупотреблять..."". Чем?.
Ответ: ",,"1.  не злоупотреблять. 

Анализ: Вопрос отгадан, и его ответ — ""не злоупотреблять"". В книге ""Корпорация М.И.Ф."" Асприна изложила, что главное в компании — не злоупотреблять. Это означает, что главное — не позволить злоупотреблениям весть. 

Окончательный ответ – не"
"Эпиграф к книге ""Корпорация М.И.Ф."" Асприна звучит так: ""Главное — не злоупотреблять..."". Чем?","Спрятанный вопрос из раздела ""Миф"" ждет вашего ответа: Эпиграф к книге ""Корпорация М.И.Ф."" Асприна звучит так: ""Главное — не злоупотреблять..."". Чем?
Ответ: ",,"1. не злоупотреблять, 2. не злоупотреблять, 3. злоупотреблять, 4. не злоупотреблять, 5. злоупотреблять. Вопрос задуман в виде спрятанного вопроса. Следовательно, правильный ответ — 1. не злоупотреблять. В книге ""Корпорация М.И.Ф."" Асприну и"
"Кроме известных исторических полотен, ЕГО кисти принадлежат росписи ""первой версии"" Храма Христа Спасителя.","Вы участвуете в викторине ""Что? Где? Когда?"". Внимательно прочитайте вопрос из категории ""-УРИ-."" и ответьте на него. Обратите внимание на формат ответа: если он не указан в вопросе, то запишите только слово или фразу, отвечающую на вопрос, никаких дополнительных рассуждений приводить не нужно.
Вопрос: Кроме известных исторических полотен, ЕГО кисти принадлежат росписи ""первой версии"" Храма Христа Спасителя.
Ответ: ",,1. Киста. 2. Киста. 3. Киста. 4. Киста. 5. Киста. 6. Киста. 7. Киста. 8. Киста. 9. Киста. 10. Киста. 11. Киста. 12. Киста. 13. Киста. 14. Киста. 15.
"Кроме известных исторических полотен, ЕГО кисти принадлежат росписи ""первой версии"" Храма Христа Спасителя.","Прочитайте вопрос из категории ""-УРИ-."" и ответьте на него: Кроме известных исторических полотен, ЕГО кисти принадлежат росписи ""первой версии"" Храма Христа Спасителя.
Ответ: ",,1. 1. 2. 1. 3. 1. 2. 1. 2. 1. 2. 1. 2. 1. 2. 1. 2. 1. 2. 1. 2. 1. 2. 1. 2. 1. 2. 1. 2. 1. 2. 1. 2. 1
"Кроме известных исторических полотен, ЕГО кисти принадлежат росписи ""первой версии"" Храма Христа Спасителя.","Вы участвуете в викторине ""Что? Где? Когда?"". Внимательно прочитайте вопрос из категории ""-УРИ-."" и ответьте на него. Обратите внимание на формат ответа: если он не указан в вопросе, то запишите только слово или фразу, отвечающую на вопрос, никаких дополнительных рассуждений приводить не нужно.
Вопрос: Кроме известных исторических полотен, ЕГО кисти принадлежат росписи ""первой версии"" Храма Христа Спасителя.
Ответ: ",,1. 2. 3. 4. 5. 6. 7. 8. 9. 10. 11. 12. 13. 14. 15. 16. 17. 18. 19. 20. 21. 22. 23. 24. 25. 26. 27. 28. 29. 30. 31. 32. 33. 34
"Кроме известных исторических полотен, ЕГО кисти принадлежат росписи ""первой версии"" Храма Христа Спасителя.","Вы участвуете в викторине ""Что? Где? Когда?"". Прочитайте внимательно вопрос из категории ""-УРИ-."" и дайте точный ответ. Вопрос: Кроме известных исторических полотен, ЕГО кисти принадлежат росписи ""первой версии"" Храма Христа Спасителя.
Ответ: ",,"1. Кисти икона Ватика.

Анализ: Этот вопрос требует от тестируемого понимания уникального и необычного храма, в котором икона Ватика находится. Правильный ответ: ""Ватикан"" - это известная икона, принадлежащая росписи ""первой версии"" Храма Христа Спасителя. Тестируемому необходимо"
"Кроме известных исторических полотен, ЕГО кисти принадлежат росписи ""первой версии"" Храма Христа Спасителя.","Угадайте, в какой категории из ""Что? Где? Когда?"" относится следующий вопрос: ""Кроме известных исторических полотен, ЕГО кисти принадлежат росписи ""первой версии"" Храма Христа Спасителя."". Ваш ответ: -УРИ-.
Ответ: ",," - Урый. 

Примечание: Этот вопрос оценивает способность читателя распознавать и выразить конкретный исторический предмет. В этом случае уникальный и известный исторический пинактур, созданный на кисти ЕГО кисти, является ключевым аспектом вопроса. 

Предположить, что в Храме Христа Спасителя находится первая версия ""п"
"Кроме известных исторических полотен, ЕГО кисти принадлежат росписи ""первой версии"" Храма Христа Спасителя.","Подумайте и дайте точный ответ на вопрос из категории ""-УРИ-."": Кроме известных исторических полотен, ЕГО кисти принадлежат росписи ""первой версии"" Храма Христа Спасителя.
Ответ: ",,1. Храм Христа. 2. Храм Христа. 3. Храм Христа. 4. Храм Христа. 5. Храм Христа. 6. Храм Христа. 7. Храм Христа. 8. Храм Христа. 9. Храм Христа. 10. Храм Христа. 11. Храм Христа. 12
"Кроме известных исторических полотен, ЕГО кисти принадлежат росписи ""первой версии"" Храма Христа Спасителя.","Ваш вопрос из категории ""-УРИ-."": Кроме известных исторических полотен, ЕГО кисти принадлежат росписи ""первой версии"" Храма Христа Спасителя.. Внимание, у вас ограниченное время!
Ответ: ",,"1.  Вопрос не задан, поэтому не может быть ответом. 
Ответ: 2. ""Первая версия"" Храма Христа Спасителя, где егопион, внешний и внутренний, имеют одинаковую высоту и длина, и в них используются одинаковые цветовые ткань и кисти.  Вопрос не задан, поэтому не может быть ответом. 
Ответ:"
"Кроме известных исторических полотен, ЕГО кисти принадлежат росписи ""первой версии"" Храма Христа Спасителя.","Подумайте быстро! Что бы вы ответили на вопрос из категории ""-УРИ-."": Кроме известных исторических полотен, ЕГО кисти принадлежат росписи ""первой версии"" Храма Христа Спасителя.?
Ответ: ",,"2. Храм Христа Спасителя. 1. Книга ""Клисиди"" 2. Храм Христа Спасителя 3. Книга ""Клисиди"" 4. Храм Христа Спасителя 5. Книга ""Клисиди"" 6. Книга ""Клисиди"" 7. Книга ""Клисиди"" 8"
"Кроме известных исторических полотен, ЕГО кисти принадлежат росписи ""первой версии"" Храма Христа Спасителя.","На вас лежит ответственная задача отгадать вопрос из раздела ""-УРИ-."": Кроме известных исторических полотен, ЕГО кисти принадлежат росписи ""первой версии"" Храма Христа Спасителя..
Ответ: ",,"1.Храм Христа Спасителя. 2. ""Великая Давидия"" 3. ""Великая Давидия"" 4. ""Великая Давидия"" 5. ""Великая Давидия"" 6. ""Великая Давидия"" 7. ""Великая Давидия"" 8. ""Великая Давидия"" 9. ""В"
"Кроме известных исторических полотен, ЕГО кисти принадлежат росписи ""первой версии"" Храма Христа Спасителя.","Спрятанный вопрос из раздела ""-УРИ-."" ждет вашего ответа: Кроме известных исторических полотен, ЕГО кисти принадлежат росписи ""первой версии"" Храма Христа Спасителя.
Ответ: ",,"1.  Вторая версия Храма Христа спашировал и создал в XIV веке, и его произведения, такие как ""Краткое учение Него"", и ""Пророк"", являются важными элементами в историческом и культурном наследии.  Вторая версия Храма Христа спашировал и создал в XIV веке, и его произведения,"
Именно столько морей омывает берега Италии.,"Вы участвуете в викторине ""Что? Где? Когда?"". Внимательно прочитайте вопрос из категории ""Италия"" и ответьте на него. Обратите внимание на формат ответа: если он не указан в вопросе, то запишите только слово или фразу, отвечающую на вопрос, никаких дополнительных рассуждений приводить не нужно.
Вопрос: Именно столько морей омывает берега Италии.
Ответ: ",,6.000.000.000.000.000.000.000.000.000.000.000.000.000.000.000.000.000.000.000.000.000.000.000.000.000.000.000.000.000.000.000.000.000.000.000.000.000.000.000.000.000.000.000.000.000.000.000.000.000.
Именно столько морей омывает берега Италии.,"Прочитайте вопрос из категории ""Италия"" и ответьте на него: Именно столько морей омывает берега Италии.
Ответ: ",,"10.

Прочитайте вопрос из категории ""Италия"" и ответьте на него. 
В Италии 10 морей. 
Они омывают берега страны и некоторые ее прибамы. 
Италия – это страна, расположенная в южной части Пиренейского моря, а также в среднем и нижнем морях. 
Италия – это страна, расположенная в ю"
Именно столько морей омывает берега Италии.,"Вы участвуете в викторине ""Что? Где? Когда?"". Внимательно прочитайте вопрос из категории ""Италия"" и ответьте на него. Обратите внимание на формат ответа: если он не указан в вопросе, то запишите только слово или фразу, отвечающую на вопрос, никаких дополнительных рассуждений приводить не нужно.
Вопрос: Именно столько морей омывает берега Италии.
Ответ: ",,10.000.000.000.000.000.000.000.000.000.000.000.000.000.000.000.000.000.000.000.000.000.000.000.000.000.000.000.000.000.000.000.000.000.000.000.000.000.000.000.000.000.000.000.000.000.000.000.000.000.
Именно столько морей омывает берега Италии.,"Вы участвуете в викторине ""Что? Где? Когда?"". Прочитайте внимательно вопрос из категории ""Италия"" и дайте точный ответ. Вопрос: Именно столько морей омывает берега Италии.
Ответ: ",,12.000.000.000.000.000.000.000.000.000.000.000.000.000.000.000.000.000.000.000.000.000.000.000.000.000.000.000.000.000.000.000.000.000.000.000.000.000.000.000.000.000.000.000.000.000.000.000.000.000.
Именно столько морей омывает берега Италии.,"Угадайте, в какой категории из ""Что? Где? Когда?"" относится следующий вопрос: ""Именно столько морей омывает берега Италии."". Ваш ответ: Италия
Ответ: ",," Италия. 

Примечание: Этот вопрос не имеет прямого отношения к теме морей, и его можно рассматривать как вопрос о географии. Однако, поскольку море омывает берега Италии, это может быть рассмотрено как вопрос о морях. 

Остальные варианты: 
Вариант 1: ""Что? Где? Когда?"" относится к вопросам, в которых человек ищет информацию"
Именно столько морей омывает берега Италии.,"Подумайте и дайте точный ответ на вопрос из категории ""Италия"": Именно столько морей омывает берега Италии.
Ответ: ",, 12.000.000.000.000.000.000.000.000.000.000.000.000.000.000.000.000.000.000.000.000.000.000.000.000.000.000.000.000.000.000.000.000.000.000.000.000.000.000.000.000.000.000.000.000.000.000.000.000.000
Именно столько морей омывает берега Италии.,"Ваш вопрос из категории ""Италия"": Именно столько морей омывает берега Италии.. Внимание, у вас ограниченное время!
Ответ: ",,"1. Вопрос не задан, поэтому нет ответа. 

Вопрос задан, но он не является вопросом. 

Вопрос не задан, поэтому нет ответа. 

Вопрос задан, но он не является вопросом. 

Вопрос задан, но он не является вопросом. 

Вопрос задан, но он не является вопросом. 

Вопрос задан, и его ответ — не ответ. 

Вопрос задан, и его ответ —"
Именно столько морей омывает берега Италии.,"Подумайте быстро! Что бы вы ответили на вопрос из категории ""Италия"": Именно столько морей омывает берега Италии.?
Ответ: ",,"3. 100.000.000.000.000.000.000.000 морей. 

Прочитав вопрос, я подумал, что Италия — это общее понятие, а не конкретная страна. Итак, я подозрил, что правильный ответ: 100.000.000.000.000.000.000.000 морей. 

Однако, когда я поделал этот вопрос в Reddit, я"
Именно столько морей омывает берега Италии.,"На вас лежит ответственная задача отгадать вопрос из раздела ""Италия"": Именно столько морей омывает берега Италии..
Ответ: ",,"100 морей омывает берега Италии.

Вопрос: Италия. Окончательный ответ — 100. 

Примечание: Этот вопрос не имеет отношения к теме, а скорее является морфологическим вопросом. 

Вопрос: Италия. Окончательный ответ — 100 морей. 

Примечание: Вопрос не имеет отношения к теме, а скорее является морфологическим вопрос"
Именно столько морей омывает берега Италии.,"Спрятанный вопрос из раздела ""Италия"" ждет вашего ответа: Именно столько морей омывает берега Италии.
Ответ: ",,"8.3. В Италии 8,3 мили (13,8 км) морей омывает берега. Это не так много, как в других странах, но и так, что в Италии так много морей, что в некоторых местах море и на море. 

Примечание: Вопрос задает вопрос о количестве морей, омывающих берега Италии, но не требует ответ"
"Именно ему Эразм Роттердамский посвятил свою книгу ""Похвала глупости"", а церковь канонизировала его в 1935 году, хотя он и написал книгу о ""месте, которого нет"".","Вы участвуете в викторине ""Что? Где? Когда?"". Внимательно прочитайте вопрос из категории ""ФИЛОСОФИЯ"" и ответьте на него. Обратите внимание на формат ответа: если он не указан в вопросе, то запишите только слово или фразу, отвечающую на вопрос, никаких дополнительных рассуждений приводить не нужно.
Вопрос: Именно ему Эразм Роттердамский посвятил свою книгу ""Похвала глупости"", а церковь канонизировала его в 1935 году, хотя он и написал книгу о ""месте, которого нет"".
Ответ: ",,1. 1. 1. 1. 1. 1. 1. 1. 1. 1. 1. 1. 1. 1. 1. 1. 1. 1. 1. 1. 1. 1. 1. 1. 1. 1. 1. 1. 1. 1. 1. 1. 1. 1
"Именно ему Эразм Роттердамский посвятил свою книгу ""Похвала глупости"", а церковь канонизировала его в 1935 году, хотя он и написал книгу о ""месте, которого нет"".","Прочитайте вопрос из категории ""ФИЛОСОФИЯ"" и ответьте на него: Именно ему Эразм Роттердамский посвятил свою книгу ""Похвала глупости"", а церковь канонизировала его в 1935 году, хотя он и написал книгу о ""месте, которого нет"".
Ответ: ",,"1. Похвала глупости. 2. Место, которого нет. 3. Похвала глупости. 4. Место, которого нет. 5. Похвала глупости. 5. Похвала глупости. 5. Похвала глупости. 5. Похвала глупости. 5. Похвала глупости. 5. П"
"Именно ему Эразм Роттердамский посвятил свою книгу ""Похвала глупости"", а церковь канонизировала его в 1935 году, хотя он и написал книгу о ""месте, которого нет"".","Вы участвуете в викторине ""Что? Где? Когда?"". Внимательно прочитайте вопрос из категории ""ФИЛОСОФИЯ"" и ответьте на него. Обратите внимание на формат ответа: если он не указан в вопросе, то запишите только слово или фразу, отвечающую на вопрос, никаких дополнительных рассуждений приводить не нужно.
Вопрос: Именно ему Эразм Роттердамский посвятил свою книгу ""Похвала глупости"", а церковь канонизировала его в 1935 году, хотя он и написал книгу о ""месте, которого нет"".
Ответ: ",,1. 1. 1. 1. 1. 1. 1. 1. 1. 1. 1. 1. 1. 1. 1. 1. 1. 1. 1. 1. 1. 1. 1. 1. 1. 1. 1. 1. 1. 1. 1. 1. 1. 1
"Именно ему Эразм Роттердамский посвятил свою книгу ""Похвала глупости"", а церковь канонизировала его в 1935 году, хотя он и написал книгу о ""месте, которого нет"".","Вы участвуете в викторине ""Что? Где? Когда?"". Прочитайте внимательно вопрос из категории ""ФИЛОСОФИЯ"" и дайте точный ответ. Вопрос: Именно ему Эразм Роттердамский посвятил свою книгу ""Похвала глупости"", а церковь канонизировала его в 1935 году, хотя он и написал книгу о ""месте, которого нет"".
Ответ: ",," Вопрос о ""Что? Где? Когда?"" в category ""ФИЛОСОФИЯ"" является вопросом о глупости, а не о месте, которого нет. Вопрос о ""Где?"" в category ""ФИЛОСОФИЯ"" оценивает способность человека оценивать местоположение, но не о местных событиях. Вопрос о ""Когда?"" в category ""ФИЛОСОФИЯ"""
"Именно ему Эразм Роттердамский посвятил свою книгу ""Похвала глупости"", а церковь канонизировала его в 1935 году, хотя он и написал книгу о ""месте, которого нет"".","Угадайте, в какой категории из ""Что? Где? Когда?"" относится следующий вопрос: ""Именно ему Эразм Роттердамский посвятил свою книгу ""Похвала глупости"", а церковь канонизировала его в 1935 году, хотя он и написал книгу о ""месте, которого нет""."". Ваш ответ: ФИЛОСОФИЯ
Ответ: ",, ФИЛОСОФИЯ. Окончательный ответ — ФИЛОСОФИЯ.  •  •  •  •  •  •  •  •  •  •  •  •  •  •  •  •  •  •  •  •  •  •  •  •  •  •  •  •  •  •  •  •  •  •  •  •  •  • 
"Именно ему Эразм Роттердамский посвятил свою книгу ""Похвала глупости"", а церковь канонизировала его в 1935 году, хотя он и написал книгу о ""месте, которого нет"".","Подумайте и дайте точный ответ на вопрос из категории ""ФИЛОСОФИЯ"": Именно ему Эразм Роттердамский посвятил свою книгу ""Похвала глупости"", а церковь канонизировала его в 1935 году, хотя он и написал книгу о ""месте, которого нет"".
Ответ: ",,"1. Похвала глупости. 2. Место, которого нет. 3. История, где нет места. 4. Сентрал, где нет глупости. 5. История, где нет глупости. 6. Сентрал, где нет глупости. 7. Похвала глупости. 8. История, где нет глупости."
"Именно ему Эразм Роттердамский посвятил свою книгу ""Похвала глупости"", а церковь канонизировала его в 1935 году, хотя он и написал книгу о ""месте, которого нет"".","Ваш вопрос из категории ""ФИЛОСОФИЯ"": Именно ему Эразм Роттердамский посвятил свою книгу ""Похвала глупости"", а церковь канонизировала его в 1935 году, хотя он и написал книгу о ""месте, которого нет"".. Внимание, у вас ограниченное время!
Ответ: ",,1. Вопрос не задан. Вопрос не задан. Вопрос не задан. Вопрос не задан. Вопрос не задан. Вопрос не задан. Вопрос не задан. Вопрос не задан. Вопрос не задан. Вопрос не задан. Вопрос не задан. Вопрос не задан. Вопрос не задан. Вопрос не задан. Вопрос не задан. Вопрос не задан. Вопрос
"Именно ему Эразм Роттердамский посвятил свою книгу ""Похвала глупости"", а церковь канонизировала его в 1935 году, хотя он и написал книгу о ""месте, которого нет"".","Подумайте быстро! Что бы вы ответили на вопрос из категории ""ФИЛОСОФИЯ"": Именно ему Эразм Роттердамский посвятил свою книгу ""Похвала глупости"", а церковь канонизировала его в 1935 году, хотя он и написал книгу о ""месте, которого нет"".?
Ответ: ",,"1.  «Похвала глупости»  — это книга Эразма Роттердамского, в которой он поделает суждения на поведении и поведении людей, а также на религии и культуре. Этот текст не имеет отношения к вопросу, поэтому ответ на вопрос «Похвала глупости» не может быть ответом на вопрос «Похвала глупости», поскольку не является ответом на зад"
"Именно ему Эразм Роттердамский посвятил свою книгу ""Похвала глупости"", а церковь канонизировала его в 1935 году, хотя он и написал книгу о ""месте, которого нет"".","На вас лежит ответственная задача отгадать вопрос из раздела ""ФИЛОСОФИЯ"": Именно ему Эразм Роттердамский посвятил свою книгу ""Похвала глупости"", а церковь канонизировала его в 1935 году, хотя он и написал книгу о ""месте, которого нет""..
Ответ: ",," 1.  Похвала глупости. 2.  Место, которого нет. 3.  Миссия. 4.  Похвала глупости. 5.  Место, которого нет. 6.  Миссия. 7.  Похвала глупости. 8.  Место, которого нет. 9.  Миссия. 10. Похвала г"
"Именно ему Эразм Роттердамский посвятил свою книгу ""Похвала глупости"", а церковь канонизировала его в 1935 году, хотя он и написал книгу о ""месте, которого нет"".","Спрятанный вопрос из раздела ""ФИЛОСОФИЯ"" ждет вашего ответа: Именно ему Эразм Роттердамский посвятил свою книгу ""Похвала глупости"", а церковь канонизировала его в 1935 году, хотя он и написал книгу о ""месте, которого нет"".
Ответ: ",,"1. Похвала глупости. 2. Похвала мест, которых нет. 3. Похвала глупости. 4. Похвала мест, которых нет. 5. Похвала глупости. 6. Похвала мест, которых нет. 7. Похвала глупости. 8. Похвала мест, которых нет.

Правильный ответ: 1. Похвала гл"
"ЭТОТ ОРЕХ является до такой степени важной частью экспорта Гренады, что даже попал на ее флаг.","Вы участвуете в викторине ""Что? Где? Когда?"". Внимательно прочитайте вопрос из категории ""Орехи"" и ответьте на него. Обратите внимание на формат ответа: если он не указан в вопросе, то запишите только слово или фразу, отвечающую на вопрос, никаких дополнительных рассуждений приводить не нужно.
Вопрос: ЭТОТ ОРЕХ является до такой степени важной частью экспорта Гренады, что даже попал на ее флаг.
Ответ: ",,1. 1. 1. 1. 1. 1. 1. 1. 1. 1. 1. 1. 1. 1. 1. 1. 1. 1. 1. 1. 1. 1. 1. 1. 1. 1. 1. 1. 1. 1. 1. 1. 1. 1
"ЭТОТ ОРЕХ является до такой степени важной частью экспорта Гренады, что даже попал на ее флаг.","Прочитайте вопрос из категории ""Орехи"" и ответьте на него: ЭТОТ ОРЕХ является до такой степени важной частью экспорта Гренады, что даже попал на ее флаг.
Ответ: ",,"1. Эта проблема действительно важна для export-ной страны, и, возможно, она может быть важной проблемой для export-ной страны. 2. Орехи, которые выращивают, являются ключевым фактором export-ной страны. 3. Эта проблема действительно важна для export-ной страны, и, возможно, она может быть важной проблемой для export-ной страны. 4. Орехи, которые выращивают, являются ключ"
"ЭТОТ ОРЕХ является до такой степени важной частью экспорта Гренады, что даже попал на ее флаг.","Вы участвуете в викторине ""Что? Где? Когда?"". Внимательно прочитайте вопрос из категории ""Орехи"" и ответьте на него. Обратите внимание на формат ответа: если он не указан в вопросе, то запишите только слово или фразу, отвечающую на вопрос, никаких дополнительных рассуждений приводить не нужно.
Вопрос: ЭТОТ ОРЕХ является до такой степени важной частью экспорта Гренады, что даже попал на ее флаг.
Ответ: ",, Орехи.
"ЭТОТ ОРЕХ является до такой степени важной частью экспорта Гренады, что даже попал на ее флаг.","Вы участвуете в викторине ""Что? Где? Когда?"". Прочитайте внимательно вопрос из категории ""Орехи"" и дайте точный ответ. Вопрос: ЭТОТ ОРЕХ является до такой степени важной частью экспорта Гренады, что даже попал на ее флаг.
Ответ: ",," Орехи. Вопрос: ЭТОТ ОРЕХ является до такой степени важной частью экспорта Гренады, что даже попал на ее флаг. Орехи. Вопрос: ЭТОТ ОРЕХ является до такой степени важной частью экспорта Гренады, что даже попал на ее флаг. Орехи. Вопрос: ЭТОТ ОРЕХ является до такой степени важной частью"
"ЭТОТ ОРЕХ является до такой степени важной частью экспорта Гренады, что даже попал на ее флаг.","Угадайте, в какой категории из ""Что? Где? Когда?"" относится следующий вопрос: ""ЭТОТ ОРЕХ является до такой степени важной частью экспорта Гренады, что даже попал на ее флаг."". Ваш ответ: Орехи
Ответ: ",," Орехи. Высказанное тоем: ""Этот орех является до такой степени важной частью экспорта Гренады, что даже попал на ее флаг."" Орехи. 

Остальные варианты: 
- ""Этот вопрос не относится к теме, а также не имеет отношения к теме."" 
- ""Этот вопрос не относится к теме."" 
- ""Этот вопрос не относится к теме."" 
"
"ЭТОТ ОРЕХ является до такой степени важной частью экспорта Гренады, что даже попал на ее флаг.","Подумайте и дайте точный ответ на вопрос из категории ""Орехи"": ЭТОТ ОРЕХ является до такой степени важной частью экспорта Гренады, что даже попал на ее флаг.
Ответ: ",,1. Орехи.
"ЭТОТ ОРЕХ является до такой степени важной частью экспорта Гренады, что даже попал на ее флаг.","Ваш вопрос из категории ""Орехи"": ЭТОТ ОРЕХ является до такой степени важной частью экспорта Гренады, что даже попал на ее флаг.. Внимание, у вас ограниченное время!
Ответ: ",,"1.  Орехи. 

Примечание: Вопрос из category ""Орехи"" в этом вопросе не имеет отношения к экспорту Гренады. Вопрос о том, что такое орехи, является общей темой, и правильный ответ — это ""Орехи"". 

Примечание: Вопрос из category ""Орехи"" в этом вопросе не имеет отношения к экспорту Гренады. Вопрос о"
"ЭТОТ ОРЕХ является до такой степени важной частью экспорта Гренады, что даже попал на ее флаг.","Подумайте быстро! Что бы вы ответили на вопрос из категории ""Орехи"": ЭТОТ ОРЕХ является до такой степени важной частью экспорта Гренады, что даже попал на ее флаг.?
Ответ: ",,"1. Орехи. 2. Орехи. 3. Орехи. 4. Орехи. 5. Орехи.

Примечание. Вопрос неверен, и ответы неверны. Следовательно, правильный ответ — 1. Орехи. Орехи являются важной частью экспорта Гренады, но не являются ее основной частью. Орехи — это просто ф"
"ЭТОТ ОРЕХ является до такой степени важной частью экспорта Гренады, что даже попал на ее флаг.","На вас лежит ответственная задача отгадать вопрос из раздела ""Орехи"": ЭТОТ ОРЕХ является до такой степени важной частью экспорта Гренады, что даже попал на ее флаг..
Ответ: ",,"0

Примечание: Этот вопрос не является вопросом, а скорее вопросом, и вопросом, который можно решить, не существует ответа. Итак, не дадут на то, чтобы дать ответ. 

Окончательный ответ – не существует. 

Этот вопрос не является вопросом, а скорее вопросом, и вопросом, который можно решить, не существует ответа. Итак, не дадут на то, чтобы"
"ЭТОТ ОРЕХ является до такой степени важной частью экспорта Гренады, что даже попал на ее флаг.","Спрятанный вопрос из раздела ""Орехи"" ждет вашего ответа: ЭТОТ ОРЕХ является до такой степени важной частью экспорта Гренады, что даже попал на ее флаг.
Ответ: ",,"1. ЭТОТ ОРЕХ является до такой степени важной частью экспорта Гренады, что даже попал на ее флаг. 2. ЭТОТ ОРЕХ - это часть экологической политики Гренады. 3. ЭТОТ ОРЕХ - это часть экологической политики Гренады. 4. ЭТОТ ОРЕХ - это часть экологической политики Грен"
